GEOID,affected_population,total_population,percentage,
2300100,2815.00104,26301,10.70301905,
2300200,3268.103085,35764,9.137968585,
2300300,2718.039768,28160,9.652129859,
2300400,2342.501147,25477,9.19457215,
2300500,3691.45637,44540,8.287957723,
2300600,2047.150348,20551,9.961317446,
2300700,1931.392118,23885,8.0862136,
2300800,3500.404145,40470,8.649380145,8.882914545
2300900,2441.191987,27741,8.799942276,
2301000,1929.199131,20395,9.459176909,