GEOID,percentage
1,9.106241868
3,10.8318862
5,8.618275944
7,10.40220733
9,9.494772733
11,11.03170971
13,6.708882381
15,9.388949539
17,10.91248663
19,11.76984494
21,9.747632379
23,11.22916129
25,9.342530211
27,10.24181983
29,12.57753207
31,9.025959452